transaction_id,date,product_id,store_id,customer_id,quantity,revenue,discount
1,2024-08-11,44,2,27,5,49.34,0.19
2,2025-05-04,12,2,95,5,14.66,0.02
3,2025-05-17,8,2,2,5,31.7,0.07
4,2025-03-25,49,5,56,4,21.7,0.02
5,2025-07-14,49,2,52,1,5.31,0.15
6,2024-11-12,14,3,84,4,53.5,0.1
7,2025-03-25,13,1,39,4,5.98,0.08
8,2024-11-27,19,5,14,1,2.23,0.03
9,2024-10-06,21,4,46,1,4.44,0.15
10,2025-07-17,10,5,11,3,5.14,0.11
11,2024-08-18,46,2,16,4,14.37,0.18
12,2025-03-01,12,3,75,1,5.09,0.19
13,2024-10-25,40,1,39,2,9.78,0.15
14,2025-05-24,1,1,96,5,46.22,0.14
15,2024-11-08,40,1,64,1,8.1,0.16
16,2024-11-28,20,2,69,3,28.5,0.09
17,2024-09-14,34,1,10,3,10.36,0.02
18,2025-06-01,42,1,63,5,27.39,0.07
19,2025-06-14,2,3,100,5,33.82,0.12
20,2025-04-24,31,1,79,4,41.64,0.01
21,2024-10-02,42,1,61,2,11.95,0.16
22,2025-05-08,21,5,32,1,2.93,0.04
23,2025-03-08,48,4,23,5,25.91,0.03
24,2025-02-24,18,5,82,3,21.7,0.05
25,2024-10-17,44,3,96,2,18.06,0.06
26,2024-10-14,48,1,1,5,27.78,0.18
27,2025-05-21,31,2,27,3,25.01,0.14
28,2025-06-19,47,1,25,4,25.05,0.01
29,2024-08-28,35,2,7,5,29.22,0.09
30,2024-10-15,50,3,95,3,24.43,0.13
31,2025-05-22,45,1,85,3,8.78,0.16
32,2025-07-11,30,4,100,1,7.95,0.15
33,2024-08-13,32,3,88,1,14.58,0.11
34,2025-03-02,8,5,35,2,18.31,0.06
35,2025-07-18,35,3,17,2,11.81,0.01
36,2024-12-08,10,3,32,3,8.27,0.06
37,2024-08-20,7,1,18,2,21.18,0.17
38,2024-12-17,25,5,92,4,7.25,0.14
39,2025-06-08,13,5,49,2,3.41,0.16
40,2025-05-21,26,5,55,3,11.21,0.11
41,2024-09-14,12,1,55,1,3.07,0.12
42,2025-05-27,5,1,37,5,7.77,0.09
43,2024-11-01,11,5,63,5,56.67,0.14
44,2024-10-02,50,5,95,5,54.28,0.0
45,2024-12-24,38,2,34,2,20.49,0.15
46,2025-03-23,6,2,2,4,44.02,0.02
47,2025-07-11,26,1,9,4,21.08,0.1
48,2024-10-25,31,3,61,4,25.7,0.02
49,2025-02-19,3,4,59,2,23.31,0.1
50,2024-10-23,48,3,93,1,4.46,0.1
51,2024-10-18,48,2,33,2,10.74,0.05
52,2025-03-13,14,1,20,2,20.3,0.05
53,2024-11-15,9,1,20,1,3.33,0.08
54,2025-03-10,24,1,38,3,20.21,0.19
55,2024-10-02,38,4,46,1,11.07,0.01
56,2025-02-01,26,3,96,4,19.36,0.11
57,2024-12-04,28,4,18,4,32.15,0.04
58,2024-11-10,46,1,46,2,10.64,0.0
59,2024-12-24,42,4,67,1,5.51,0.0
60,2024-10-27,10,5,23,2,5.4,0.13
61,2024-09-19,18,5,58,1,9.43,0.08
62,2025-04-15,30,2,96,1,7.61,0.13
63,2025-05-23,5,3,94,2,4.85,0.03
64,2025-04-18,17,2,83,1,5.96,0.2
65,2025-04-09,28,2,100,5,39.13,0.12
66,2024-10-12,11,2,9,1,9.7,0.17
67,2024-08-08,36,3,33,3,18.6,0.17
68,2024-10-03,32,4,11,2,25.79,0.04
69,2025-04-11,29,4,39,2,7.11,0.13
70,2024-11-26,41,4,88,5,42.67,0.05
71,2025-04-11,38,3,14,3,30.02,0.15
72,2025-08-01,15,2,46,4,41.06,0.16
73,2024-08-20,35,4,45,5,39.69,0.13
74,2025-01-05,3,5,4,5,56.31,0.12
75,2024-12-11,3,3,42,1,6.41,0.05
76,2024-12-18,29,4,73,1,3.45,0.14
77,2024-11-02,27,3,36,3,8.66,0.16
78,2024-10-07,10,5,81,5,11.15,0.12
79,2025-01-28,43,2,18,1,1.28,0.18
80,2025-02-05,5,3,13,4,5.44,0.11
81,2025-07-06,38,4,34,3,36.09,0.06
82,2024-12-11,28,1,68,4,40.21,0.14
83,2025-04-27,16,1,50,3,35.31,0.15
84,2025-05-15,27,5,78,2,4.49,0.07
85,2025-01-21,34,4,89,2,4.41,0.15
86,2025-07-26,21,1,78,2,8.29,0.13
87,2025-03-22,50,3,72,2,19.79,0.11
88,2024-08-24,25,4,64,3,7.15,0.02
89,2024-09-02,37,5,94,2,16.52,0.12
90,2025-06-15,43,1,98,5,11.22,0.16
91,2025-07-11,42,2,59,1,7.59,0.04
92,2025-07-07,33,3,1,3,16.27,0.12
93,2025-02-09,7,2,40,5,48.91,0.06
94,2024-11-04,45,1,10,4,9.43,0.17
95,2024-09-19,45,4,18,4,6.72,0.06
96,2024-10-29,42,1,66,2,11.87,0.14
97,2025-06-28,45,5,86,4,6.83,0.0
98,2024-09-23,40,1,54,3,23.03,0.07
99,2025-07-26,22,5,63,4,18.47,0.15
100,2025-07-19,39,2,34,3,12.06,0.18
101,2024-12-01,1,1,24,2,17.55,0.05
102,2024-12-12,16,5,62,5,63.19,0.2
103,2024-10-16,28,1,52,1,11.49,0.08
104,2025-07-02,31,3,72,3,25.16,0.02
105,2024-12-01,32,4,64,5,38.89,0.12
106,2024-12-12,35,2,98,3,20.62,0.02
107,2025-06-08,2,4,82,1,9.21,0.04
108,2024-10-22,7,3,63,3,27.19,0.15
109,2025-02-16,11,5,56,5,55.34,0.03
110,2025-07-20,29,3,20,3,18.73,0.02
111,2024-11-18,19,2,68,3,9.71,0.1
112,2025-03-27,9,4,82,1,4.78,0.08
113,2025-01-07,25,2,89,5,9.63,0.02
114,2024-12-24,28,1,30,3,38.17,0.01
115,2025-04-10,18,4,82,5,35.84,0.05
116,2025-08-02,42,3,100,4,27.18,0.05
117,2025-03-20,11,1,16,3,24.93,0.11
118,2025-05-16,29,1,37,2,11.03,0.14
119,2024-11-29,42,3,77,2,12.64,0.13
120,2025-02-06,31,3,99,3,22.06,0.15
121,2025-06-27,45,2,60,1,1.67,0.01
122,2025-04-15,11,3,99,4,34.75,0.19
123,2024-12-27,4,1,93,3,27.02,0.17
124,2024-10-13,12,5,92,2,9.26,0.15
125,2025-04-03,6,1,93,3,40.85,0.02
126,2024-08-29,23,5,87,4,14.45,0.09
127,2025-01-25,8,4,21,4,27.23,0.16
128,2024-09-10,17,4,86,1,8.11,0.16
129,2024-09-29,18,5,13,5,59.68,0.03
130,2025-05-08,3,4,50,1,7.45,0.09
131,2025-07-20,31,5,95,1,11.83,0.1
132,2025-02-11,6,2,56,1,13.06,0.12
133,2024-09-11,37,1,85,4,51.08,0.03
134,2025-03-27,26,5,100,1,5.39,0.1
135,2025-05-13,9,4,96,5,17.05,0.03
136,2025-05-14,36,4,45,5,20.34,0.07
137,2025-01-15,13,4,14,2,2.51,0.1
138,2025-03-10,49,2,86,5,24.2,0.08
139,2025-07-26,31,4,2,4,40.02,0.03
140,2025-05-30,26,1,61,2,7.64,0.12
141,2024-10-09,49,1,66,4,21.17,0.19
142,2025-04-04,10,5,88,5,14.95,0.11
143,2025-03-19,14,4,54,4,48.56,0.18
144,2025-02-22,41,1,21,5,54.42,0.04
145,2025-03-15,7,3,26,5,55.47,0.06
146,2025-02-04,7,5,32,2,18.31,0.15
147,2025-01-30,13,1,81,3,4.72,0.04
148,2025-07-27,15,5,95,1,11.5,0.06
149,2025-04-28,5,1,51,3,6.06,0.17
150,2025-07-03,48,1,76,2,12.0,0.13
151,2025-06-17,28,1,8,1,7.96,0.08
152,2025-04-05,36,1,67,4,29.2,0.07
153,2025-06-12,26,4,15,1,5.05,0.08
154,2025-03-01,25,4,64,4,8.62,0.09
155,2025-03-01,13,2,5,2,2.45,0.1
156,2025-03-17,25,3,80,5,13.52,0.03
157,2025-01-08,4,3,56,3,34.67,0.09
158,2025-06-14,37,5,53,2,25.88,0.17
159,2024-09-27,21,4,51,3,8.37,0.06
160,2025-04-07,6,5,82,5,60.65,0.19
161,2025-04-12,48,4,29,4,18.74,0.0
162,2024-10-02,17,5,86,3,31.3,0.14
163,2025-01-29,43,2,59,3,6.22,0.09
164,2025-03-31,18,4,46,5,50.9,0.12
165,2025-03-02,45,5,33,4,11.9,0.15
166,2025-05-22,3,5,51,2,20.01,0.0
167,2025-07-14,26,5,87,5,16.9,0.1
168,2025-02-04,43,3,48,1,2.14,0.19
169,2025-07-17,23,5,38,2,12.62,0.14
170,2024-11-22,2,1,11,5,27.35,0.15
171,2025-01-19,48,1,55,5,32.51,0.02
172,2025-04-20,10,5,7,2,5.02,0.0
173,2025-07-21,16,5,81,3,31.34,0.13
174,2025-02-15,13,2,31,2,2.57,0.16
175,2025-04-20,48,5,36,3,18.42,0.19
176,2025-03-10,2,4,10,4,27.29,0.15
177,2024-08-24,22,2,48,2,13.46,0.05
178,2025-04-30,8,1,40,3,21.79,0.14
179,2025-04-08,28,2,24,1,11.15,0.01
180,2025-02-18,7,4,98,1,9.64,0.03
181,2025-03-06,46,1,87,3,14.08,0.2
182,2025-06-30,47,5,7,4,32.46,0.15
183,2025-07-08,32,3,91,4,55.18,0.16
184,2025-07-19,46,3,89,4,16.77,0.15
185,2024-12-07,41,2,57,4,35.55,0.07
186,2024-08-11,18,3,6,5,60.22,0.18
187,2024-11-02,30,2,91,2,11.7,0.11
188,2024-10-03,24,4,28,3,19.53,0.15
189,2025-02-22,13,3,26,1,1.62,0.03
190,2025-04-18,9,4,91,5,23.64,0.07
191,2025-05-06,34,2,28,1,3.2,0.02
192,2024-11-05,5,3,74,5,7.35,0.1
193,2025-06-24,6,2,93,5,56.92,0.05
194,2025-07-09,41,2,41,3,27.82,0.11
195,2024-10-21,9,4,55,1,5.25,0.19
196,2024-12-01,40,3,79,3,29.02,0.08
197,2025-03-15,23,2,12,3,14.4,0.03
198,2025-03-12,36,2,10,3,22.49,0.11
199,2024-11-19,48,3,37,2,16.99,0.03
200,2025-05-04,30,1,73,5,43.19,0.17
201,2025-04-18,45,4,32,4,9.78,0.04
202,2025-02-07,5,5,15,2,4.6,0.08
203,2025-07-18,39,3,41,3,22.04,0.02
204,2024-09-28,49,2,34,3,15.13,0.18
205,2024-09-13,8,3,37,4,29.9,0.04
206,2025-02-21,40,1,45,3,25.63,0.11
207,2025-05-25,33,2,1,3,8.66,0.04
208,2025-06-08,2,5,67,4,39.13,0.19
209,2025-05-28,15,5,93,4,41.97,0.12
210,2025-08-03,20,2,43,5,38.37,0.09
211,2025-06-16,17,2,97,5,30.83,0.17
212,2025-04-13,22,4,41,1,6.84,0.06
213,2025-07-20,33,5,1,3,9.35,0.1
214,2024-11-06,45,5,31,4,12.08,0.19
215,2025-06-18,1,4,77,1,8.02,0.14
216,2025-07-26,17,1,23,5,43.74,0.12
217,2025-02-24,4,1,27,5,35.64,0.17
218,2024-11-02,27,4,37,2,4.57,0.17
219,2025-01-16,12,2,18,3,11.22,0.19
220,2025-07-08,3,1,16,5,60.0,0.04
221,2024-11-06,26,4,65,1,3.28,0.08
222,2025-07-01,7,2,100,3,38.79,0.06
223,2024-12-06,2,3,62,5,35.57,0.16
224,2025-02-13,19,1,72,5,9.23,0.12
225,2024-10-19,18,2,43,5,36.57,0.13
226,2025-07-20,39,1,16,2,13.16,0.09
227,2024-11-16,9,1,50,4,18.74,0.04
228,2024-08-19,36,5,9,1,6.13,0.13
229,2025-04-26,9,4,42,1,4.86,0.12
230,2024-12-01,24,2,78,2,13.75,0.14
231,2025-06-10,14,4,87,3,39.81,0.12
232,2025-07-11,24,2,87,4,35.76,0.07
233,2024-09-27,49,3,100,1,3.69,0.19
234,2024-12-13,42,4,65,4,32.75,0.02
235,2024-09-09,32,3,41,4,54.45,0.11
236,2025-01-25,12,2,11,3,11.43,0.07
237,2025-06-15,22,1,99,5,25.81,0.09
238,2025-02-01,26,3,7,2,6.05,0.11
239,2025-02-25,45,1,32,3,8.61,0.19
240,2025-03-04,18,4,97,5,43.08,0.13
241,2024-12-27,36,5,24,5,22.16,0.04
242,2024-09-05,19,1,88,4,9.63,0.1
243,2025-04-13,5,5,24,1,2.16,0.11
244,2024-08-08,17,3,18,4,34.96,0.11
245,2025-03-09,33,4,87,4,17.92,0.15
246,2025-03-18,5,5,86,3,7.22,0.06
247,2024-10-20,41,5,43,4,38.34,0.01
248,2024-12-11,21,1,81,3,8.68,0.18
249,2025-07-18,49,2,77,4,15.5,0.19
250,2024-08-07,9,4,97,1,6.27,0.17
251,2025-03-09,20,5,75,1,11.5,0.06
252,2024-11-29,40,1,46,3,14.96,0.11
253,2025-08-04,32,4,79,5,64.31,0.06
254,2025-03-19,35,5,3,4,36.89,0.11
255,2024-11-03,27,3,50,1,1.88,0.11
256,2024-08-12,5,1,7,1,1.67,0.05
257,2025-07-10,40,2,96,3,14.96,0.05
258,2024-10-27,15,1,31,1,6.58,0.03
259,2025-05-19,50,2,18,3,18.92,0.05
260,2025-03-27,5,3,69,1,1.77,0.13
261,2025-07-16,26,1,17,4,19.62,0.16
262,2025-01-05,38,2,69,3,36.78,0.16
263,2024-11-13,24,1,53,3,24.7,0.06
264,2024-11-13,48,5,25,2,8.81,0.08
265,2025-06-24,25,3,82,4,10.03,0.06
266,2025-06-13,48,4,83,3,22.35,0.12
267,2025-03-18,45,3,34,3,6.25,0.09
268,2025-07-06,14,5,98,2,27.11,0.19
269,2024-10-31,32,1,83,5,53.38,0.09
270,2025-01-24,49,3,9,3,10.48,0.16
271,2024-10-07,8,2,86,5,35.49,0.13
272,2024-11-17,33,2,37,5,18.09,0.12
273,2025-01-21,43,4,35,5,10.09,0.13
274,2024-11-13,7,4,10,2,18.24,0.06
275,2024-10-11,48,4,82,5,31.36,0.0
276,2024-09-22,50,5,87,3,20.57,0.05
277,2025-05-24,32,5,60,3,36.68,0.19
278,2025-05-16,19,1,36,3,10.72,0.06
279,2024-12-10,19,2,74,3,10.5,0.2
280,2024-10-02,42,2,66,2,14.37,0.09
281,2024-10-10,30,5,21,3,17.56,0.04
282,2025-03-03,44,5,27,2,20.32,0.05
283,2025-02-15,13,4,8,5,6.69,0.15
284,2024-11-13,7,3,70,1,10.03,0.1
285,2025-07-25,13,3,50,2,3.48,0.09
286,2025-04-16,25,1,15,3,6.04,0.14
287,2024-10-15,38,4,79,3,27.12,0.06
288,2024-09-21,28,3,32,5,62.32,0.1
289,2024-10-18,19,4,24,1,2.51,0.02
290,2024-11-28,3,4,88,5,59.37,0.13
291,2024-12-05,15,3,27,1,10.34,0.06
292,2025-07-26,44,3,33,1,10.46,0.1
293,2025-02-16,38,1,42,3,23.22,0.17
294,2024-12-12,22,2,24,4,21.83,0.1
295,2025-03-10,17,2,61,4,43.16,0.07
296,2024-09-11,5,3,68,5,8.73,0.18
297,2025-07-20,44,4,64,4,31.95,0.13
298,2024-08-28,29,3,55,4,13.79,0.04
299,2025-01-03,12,3,74,2,9.41,0.17
300,2024-12-12,48,1,99,4,24.57,0.05
301,2025-01-21,36,4,73,4,16.41,0.16
302,2025-04-07,36,3,42,1,4.43,0.19
303,2025-03-12,1,2,99,3,36.8,0.15
304,2025-01-14,19,5,71,2,4.96,0.1
305,2024-11-17,44,4,74,4,44.68,0.05
306,2025-03-24,35,1,14,2,18.61,0.14
307,2025-06-20,20,2,50,1,7.77,0.12
308,2024-08-18,11,5,78,2,15.52,0.02
309,2025-04-23,35,2,39,2,11.75,0.07
310,2024-09-06,45,5,78,2,3.41,0.11
311,2024-09-03,50,4,63,1,8.2,0.16
312,2025-05-23,15,4,92,4,45.73,0.15
313,2025-02-13,36,2,86,4,17.38,0.05
314,2025-01-14,12,3,3,4,16.02,0.1
315,2025-07-21,31,4,85,1,8.85,0.18
316,2025-04-28,41,4,74,3,29.59,0.06
317,2025-01-30,49,4,50,2,8.31,0.19
318,2025-04-12,15,2,42,4,28.21,0.13
319,2024-08-10,21,1,80,3,11.91,0.14
320,2025-06-08,26,4,12,2,9.62,0.03
321,2024-09-05,47,1,19,1,5.43,0.11
322,2025-07-23,42,2,18,1,7.04,0.11
323,2024-11-04,19,3,73,4,12.7,0.18
324,2024-12-16,46,4,37,2,11.39,0.07
325,2024-11-16,50,5,32,2,12.51,0.05
326,2025-07-02,37,5,63,5,65.93,0.19
327,2024-10-15,42,2,33,2,12.36,0.1
328,2025-07-14,8,4,15,1,10.95,0.09
329,2025-01-15,24,2,73,1,6.25,0.16
330,2025-07-26,47,1,49,5,39.55,0.17
331,2025-04-03,31,2,2,2,18.13,0.1
332,2024-12-04,30,1,69,2,16.16,0.08
333,2025-02-15,38,4,44,1,7.71,0.05
334,2024-10-13,38,3,41,1,8.22,0.16
335,2025-02-06,18,2,13,3,21.85,0.12
336,2025-03-26,36,4,61,1,5.66,0.15
337,2024-09-24,6,4,86,2,20.7,0.09
338,2025-01-06,9,3,100,2,12.38,0.05
339,2025-02-02,4,4,48,5,34.8,0.03
340,2025-02-23,29,4,46,5,26.57,0.03
341,2025-02-21,35,1,39,3,15.68,0.2
342,2025-02-08,49,5,26,5,22.77,0.09
343,2025-06-10,44,5,18,4,41.55,0.12
344,2025-02-05,1,1,24,5,39.87,0.09
345,2025-03-05,19,1,66,2,7.14,0.16
346,2024-08-27,37,1,54,1,11.6,0.14
347,2025-02-15,44,4,40,3,27.56,0.13
348,2024-09-08,48,1,98,3,22.86,0.09
349,2024-12-05,34,1,25,4,13.77,0.15
350,2024-12-20,45,4,17,1,1.88,0.03
351,2024-09-02,1,2,86,1,12.75,0.17
352,2025-01-18,39,1,49,2,15.34,0.19
353,2025-06-14,2,1,31,2,14.3,0.01
354,2025-06-10,1,5,89,4,53.06,0.11
355,2025-07-16,27,4,77,4,14.03,0.02
356,2025-07-09,21,5,29,3,12.21,0.07
357,2024-08-13,44,4,3,5,39.44,0.0
358,2025-06-15,1,5,76,4,35.41,0.04
359,2024-12-29,18,4,43,3,25.76,0.06
360,2025-07-22,13,3,4,4,6.28,0.11
361,2025-02-15,6,2,73,5,60.52,0.05
362,2025-04-30,48,2,87,4,23.78,0.1
363,2025-02-08,26,5,65,1,5.23,0.19
364,2025-05-29,4,5,85,1,7.83,0.03
365,2025-07-22,17,3,34,4,32.26,0.17
366,2025-06-21,12,1,65,3,10.13,0.11
367,2024-11-23,18,3,35,3,35.27,0.08
368,2025-05-17,5,4,95,1,1.3,0.19
369,2024-10-12,24,5,44,2,13.22,0.13
370,2025-02-07,44,4,5,2,15.73,0.18
371,2025-05-23,35,1,60,2,16.81,0.11
372,2024-12-24,24,4,18,2,17.33,0.08
373,2024-09-12,34,5,83,4,12.3,0.16
374,2024-11-26,35,1,77,2,17.72,0.1
375,2025-02-04,49,5,18,3,13.69,0.16
376,2024-10-10,8,4,80,4,24.92,0.16
377,2025-02-24,42,4,19,4,28.76,0.16
378,2025-03-04,47,4,83,5,40.15,0.14
379,2025-05-12,28,1,4,1,7.05,0.04
380,2025-03-21,21,3,77,3,10.93,0.04
381,2024-08-31,50,5,9,1,7.73,0.13
382,2025-01-09,4,5,32,5,42.49,0.17
383,2024-12-20,32,2,100,1,11.91,0.1
384,2025-05-05,10,3,13,1,2.29,0.02
385,2024-09-28,45,5,14,3,5.22,0.16
386,2025-05-03,11,5,18,5,48.6,0.05
387,2024-08-12,38,5,55,5,46.81,0.18
388,2025-06-14,22,2,38,4,22.23,0.2
389,2025-02-13,8,3,58,2,12.0,0.05
390,2025-04-30,46,1,83,4,16.24,0.1
391,2025-07-27,11,1,65,3,23.29,0.1
392,2024-11-18,30,5,63,4,18.33,0.19
393,2024-10-06,35,2,55,1,6.85,0.14
394,2025-04-16,37,5,62,5,46.11,0.09
395,2025-03-12,48,1,85,4,33.95,0.08
396,2025-04-12,33,5,30,4,12.09,0.12
397,2025-06-10,50,1,34,3,22.14,0.19
398,2025-06-18,20,5,22,2,13.18,0.06
399,2025-07-08,28,3,33,3,29.35,0.08
400,2024-10-25,26,3,49,2,9.82,0.19
401,2024-08-17,22,5,36,4,31.65,0.11
402,2025-03-24,4,1,69,5,37.39,0.03
403,2024-12-27,8,1,38,3,33.17,0.19
404,2025-04-26,35,2,71,3,26.37,0.0
405,2024-10-12,15,4,89,2,18.43,0.1
406,2025-04-03,3,5,92,1,8.02,0.01
407,2025-02-25,12,2,16,3,8.51,0.15
408,2025-02-07,11,5,31,1,7.15,0.04
409,2025-06-10,24,1,1,4,30.12,0.2
410,2024-10-28,24,3,17,2,10.75,0.13
411,2025-01-22,16,5,91,4,32.55,0.11
412,2025-06-20,3,4,59,5,54.12,0.2
413,2024-11-29,30,5,71,2,13.43,0.19
414,2025-02-27,7,3,56,2,22.51,0.12
415,2024-10-19,28,1,88,5,46.5,0.01
416,2024-12-10,29,5,67,4,24.08,0.01
417,2024-10-06,35,5,50,4,36.31,0.07
418,2024-12-14,22,5,86,4,22.74,0.2
419,2024-08-09,49,5,39,1,5.67,0.09
420,2024-11-18,2,4,25,2,10.23,0.14
421,2024-10-22,10,5,1,3,6.34,0.19
422,2025-06-26,41,5,42,3,24.14,0.02
423,2025-08-04,16,4,3,4,40.69,0.08
424,2024-11-26,8,2,47,1,7.62,0.02
425,2025-06-26,13,2,97,4,5.7,0.12
426,2025-04-14,17,2,34,3,16.6,0.09
427,2025-02-21,7,5,20,4,36.89,0.03
428,2025-03-13,45,3,70,4,7.69,0.15
429,2025-02-18,19,4,61,5,12.1,0.12
430,2025-03-12,5,2,48,1,1.51,0.14
431,2024-08-11,44,1,71,5,45.84,0.12
432,2024-12-29,41,5,15,5,54.05,0.15
433,2024-11-16,25,4,77,4,7.65,0.06
434,2025-01-18,7,2,99,5,44.09,0.12
435,2024-12-10,20,4,29,3,20.95,0.02
436,2024-11-14,11,4,86,1,9.7,0.16
437,2024-08-21,7,3,28,3,28.53,0.11
438,2024-09-27,21,1,92,5,17.71,0.17
439,2025-04-21,49,5,20,3,13.89,0.13
440,2025-02-10,36,3,78,4,25.58,0.01
441,2024-09-23,24,3,54,1,6.91,0.08
442,2025-04-11,19,3,84,1,2.26,0.17
443,2024-10-24,9,4,72,4,17.1,0.05
444,2024-08-10,12,2,6,4,18.12,0.11
445,2025-02-06,45,1,75,3,6.57,0.19
446,2025-02-23,48,4,47,2,10.58,0.04
447,2025-04-27,40,4,74,3,26.5,0.01
448,2025-06-18,2,3,62,3,24.03,0.17
449,2024-12-16,19,3,99,1,2.35,0.07
450,2024-11-10,46,2,31,5,28.21,0.01
451,2025-07-18,17,3,62,4,40.45,0.11
452,2025-03-18,17,2,8,3,25.74,0.06
453,2025-02-11,21,2,47,5,19.02,0.15
454,2025-04-13,32,1,6,3,36.38,0.13
455,2025-03-21,50,5,88,2,16.41,0.03
456,2024-11-17,32,5,31,1,8.84,0.07
457,2024-12-28,29,3,7,2,11.32,0.07
458,2025-03-27,29,4,75,5,26.57,0.1
459,2025-04-16,3,3,41,3,31.73,0.08
460,2025-07-11,7,3,85,3,24.42,0.1
461,2024-10-27,14,4,8,3,38.69,0.16
462,2025-04-02,7,3,85,4,51.71,0.1
463,2024-10-25,27,1,54,2,4.22,0.18
464,2024-10-25,49,1,28,4,24.71,0.02
465,2024-10-26,36,3,33,3,14.46,0.02
466,2025-01-22,47,3,97,2,12.29,0.07
467,2025-03-02,23,3,17,3,13.45,0.04
468,2024-11-10,6,3,71,3,42.01,0.09
469,2025-05-18,12,4,75,2,6.5,0.04
470,2025-04-15,33,5,64,2,10.51,0.03
471,2025-02-08,29,1,6,1,3.95,0.15
472,2025-07-14,41,1,50,3,23.07,0.0
473,2025-07-22,5,3,80,1,1.89,0.06
474,2025-06-23,13,4,85,3,2.78,0.18
475,2025-02-22,36,3,78,2,11.42,0.07
476,2025-06-21,39,1,56,5,23.63,0.12
477,2024-11-07,31,5,77,5,33.81,0.05
478,2025-08-07,47,3,17,2,11.45,0.12
479,2025-07-17,15,3,71,4,45.84,0.08
480,2025-03-06,39,4,66,2,10.57,0.18
481,2025-07-01,15,2,7,3,18.89,0.19
482,2025-05-22,47,5,58,3,21.66,0.09
483,2024-12-26,15,2,26,2,16.94,0.06
484,2025-01-26,22,4,78,2,14.41,0.2
485,2025-05-17,5,2,33,3,5.63,0.12
486,2025-05-08,5,3,26,4,6.1,0.1
487,2025-06-27,14,4,43,4,52.44,0.04
488,2025-01-11,30,5,40,1,5.75,0.12
489,2024-09-29,28,2,18,5,44.91,0.01
490,2024-09-06,50,1,21,5,44.7,0.15
491,2025-01-17,4,4,69,3,28.08,0.2
492,2025-03-18,9,1,96,2,9.02,0.02
493,2025-04-04,8,3,48,3,34.45,0.16
494,2025-06-19,26,1,15,4,22.57,0.19
495,2025-05-30,20,3,29,4,35.83,0.16
496,2025-05-24,29,2,44,2,9.77,0.05
497,2025-04-01,19,1,57,4,13.28,0.16
498,2024-10-31,10,4,100,1,1.97,0.15
499,2025-07-09,2,5,56,3,27.77,0.1
500,2025-03-15,28,3,46,3,36.38,0.03
501,2025-03-16,46,3,84,4,20.71,0.15
502,2025-06-12,44,3,78,4,34.28,0.04
503,2025-05-13,32,1,50,5,38.15,0.04
504,2025-01-29,18,4,31,5,39.78,0.07
505,2025-07-24,26,4,86,3,10.93,0.08
506,2025-04-03,48,2,87,4,30.0,0.08
507,2025-08-06,29,3,48,2,8.13,0.07
508,2025-01-01,36,3,9,3,19.94,0.05
509,2024-10-11,37,5,31,5,61.05,0.16
510,2024-09-10,25,3,59,3,5.93,0.19
511,2025-04-25,30,3,30,4,34.53,0.14
512,2025-05-07,24,5,15,3,25.65,0.18
513,2024-09-29,32,4,16,5,54.55,0.17
514,2025-05-10,9,5,95,3,12.72,0.15
515,2025-03-31,28,1,46,2,23.08,0.13
516,2024-10-06,13,5,34,1,1.78,0.12
517,2024-12-08,38,3,47,5,42.09,0.0
518,2024-12-06,15,5,40,5,33.91,0.05
519,2025-06-13,41,3,26,5,44.84,0.14
520,2025-02-12,29,4,89,5,17.12,0.15
521,2025-01-18,31,5,96,2,13.48,0.09
522,2024-10-21,8,4,40,3,20.72,0.17
523,2024-11-16,6,1,35,3,38.42,0.14
524,2024-12-15,40,2,65,5,29.1,0.11
525,2024-11-20,42,5,34,4,17.98,0.1
526,2024-08-22,6,5,38,3,23.51,0.0
527,2024-09-20,1,5,53,1,12.96,0.15
528,2024-12-02,41,2,75,4,30.86,0.03
529,2025-02-18,44,3,12,1,10.94,0.07
530,2025-06-22,42,1,90,4,27.28,0.09
531,2025-01-17,37,2,52,2,19.92,0.11
532,2025-03-06,18,3,80,1,10.84,0.14
533,2025-03-10,50,4,48,1,10.36,0.12
534,2025-04-02,1,2,75,1,11.22,0.01
535,2025-03-22,2,1,76,4,36.99,0.16
536,2025-07-18,8,4,6,2,19.41,0.12
537,2025-02-07,26,3,14,4,20.88,0.04
538,2025-01-21,3,2,16,5,31.02,0.13
539,2025-02-25,38,2,41,5,40.9,0.1
540,2025-01-01,26,4,68,5,15.32,0.04
541,2025-07-14,10,2,93,1,1.89,0.03
542,2025-05-14,21,2,14,5,22.69,0.16
543,2025-07-27,39,1,59,1,5.76,0.2
544,2025-04-04,48,4,81,4,34.02,0.0
545,2025-07-04,20,5,60,5,45.52,0.04
546,2025-02-10,21,3,16,5,18.15,0.19
547,2024-10-15,19,2,75,3,6.9,0.07
548,2024-11-20,9,3,20,1,4.56,0.11
549,2025-01-14,2,3,66,2,16.04,0.05
550,2024-09-02,49,3,71,2,6.64,0.14
551,2024-09-18,41,1,45,5,53.56,0.12
552,2025-07-07,47,2,81,3,29.14,0.05
553,2025-04-28,13,1,93,3,5.21,0.06
554,2024-11-12,49,4,32,4,14.58,0.15
555,2025-04-16,24,2,90,4,26.32,0.0
556,2025-01-22,23,1,90,4,21.88,0.04
557,2025-06-22,1,1,38,1,14.46,0.1
558,2025-04-23,3,4,82,5,48.12,0.14
559,2025-01-22,7,2,91,1,10.75,0.18
560,2024-10-28,28,2,40,5,53.04,0.16
561,2024-08-15,31,4,53,1,7.13,0.14
562,2025-04-17,42,4,23,2,12.36,0.0
563,2024-11-13,50,5,26,5,33.36,0.1
564,2024-09-08,38,4,2,3,21.16,0.13
565,2025-05-21,23,2,35,3,17.11,0.09
566,2024-12-08,17,1,42,3,28.94,0.06
567,2024-10-25,7,3,20,5,62.47,0.0
568,2024-09-04,15,1,56,1,7.25,0.01
569,2025-07-06,2,2,61,2,16.61,0.02
570,2025-01-13,23,5,24,5,28.31,0.07
571,2024-08-19,46,4,17,4,24.54,0.05
572,2025-01-13,43,4,66,4,8.12,0.14
573,2025-06-27,9,2,94,3,12.35,0.05
574,2025-07-29,49,4,3,4,23.85,0.08
575,2024-08-07,9,5,77,5,26.24,0.09
576,2025-02-18,11,4,99,3,36.33,0.15
577,2024-11-28,28,5,43,3,30.97,0.13
578,2025-05-25,26,5,51,4,18.95,0.2
579,2024-08-07,5,3,27,2,3.77,0.09
580,2024-08-14,46,5,32,4,19.6,0.01
581,2025-04-02,10,4,73,2,5.57,0.04
582,2024-12-29,31,2,75,3,23.67,0.14
583,2024-11-02,8,1,42,4,39.94,0.09
584,2025-03-29,12,2,50,2,7.94,0.03
585,2024-12-11,22,3,22,4,19.74,0.12
586,2025-07-17,28,2,34,5,63.41,0.08
587,2025-02-01,44,5,89,1,10.6,0.11
588,2025-01-03,1,3,67,1,8.42,0.08
589,2024-08-25,23,2,62,5,20.43,0.08
590,2025-03-12,2,5,49,3,18.74,0.19
591,2025-06-30,12,2,16,2,8.88,0.18
592,2025-04-27,24,1,91,2,13.05,0.07
593,2024-08-28,32,5,18,3,26.66,0.03
594,2025-04-29,20,4,38,1,7.32,0.05
595,2025-06-30,9,3,60,4,22.58,0.16
596,2025-04-12,48,5,28,5,30.92,0.19
597,2024-08-10,29,4,6,2,9.8,0.05
598,2025-04-26,19,4,59,2,5.82,0.2
599,2024-12-04,19,2,57,4,13.42,0.12
600,2025-06-28,2,2,23,1,9.61,0.06
601,2025-03-27,39,1,83,1,7.57,0.15
602,2024-09-25,17,3,29,1,8.62,0.11
603,2025-06-05,50,5,39,5,40.11,0.11
604,2024-10-13,22,1,45,3,23.59,0.02
605,2025-02-28,18,5,76,3,21.06,0.03
606,2024-11-13,12,4,63,3,10.6,0.13
607,2025-07-16,40,2,81,4,37.68,0.11
608,2024-09-26,46,2,63,4,15.38,0.11
609,2025-01-19,6,1,82,2,17.91,0.12
610,2024-09-22,23,4,90,2,8.24,0.01
611,2025-01-25,27,3,39,4,13.22,0.19
612,2025-07-12,46,3,63,5,31.09,0.01
613,2025-04-27,35,3,38,1,5.69,0.13
614,2024-09-08,45,3,62,4,11.21,0.17
615,2024-10-08,21,2,86,3,14.43,0.03
616,2024-11-15,40,2,98,3,26.48,0.06
617,2024-08-27,20,4,21,1,9.35,0.1
618,2025-06-03,19,5,9,5,9.4,0.07
619,2024-09-15,21,4,52,4,11.27,0.2
620,2025-07-11,36,1,31,4,28.16,0.12
621,2024-10-23,36,5,39,4,25.97,0.02
622,2025-01-02,25,4,35,1,2.04,0.09
623,2024-10-24,17,4,77,2,14.52,0.0
624,2024-12-18,20,2,81,2,22.16,0.03
625,2025-04-14,44,5,98,3,28.41,0.18
626,2025-01-19,17,2,86,1,9.89,0.03
627,2024-09-06,7,3,18,1,8.82,0.05
628,2024-12-15,5,1,72,5,6.43,0.08
629,2025-06-12,7,4,13,3,35.16,0.05
630,2025-06-17,17,3,63,1,8.61,0.08
631,2024-11-21,20,5,54,2,20.85,0.02
632,2024-10-22,45,1,58,5,14.91,0.05
633,2024-12-06,38,3,16,5,35.13,0.11
634,2024-10-10,41,5,90,4,25.11,0.04
635,2025-05-01,29,3,64,1,5.4,0.13
636,2025-03-05,45,1,39,1,2.37,0.11
637,2024-08-13,30,4,69,3,17.95,0.01
638,2024-09-03,43,5,75,1,1.43,0.07
639,2024-11-14,4,4,24,1,10.67,0.01
640,2025-01-21,6,3,59,1,9.18,0.1
641,2024-08-22,36,4,97,4,25.22,0.18
642,2024-10-15,11,4,82,3,26.42,0.06
643,2024-10-07,11,1,70,5,55.89,0.1
644,2025-06-09,35,4,42,3,26.98,0.13
645,2024-08-21,21,1,72,3,10.58,0.09
646,2024-10-11,2,3,25,3,19.28,0.05
647,2024-10-07,27,4,31,3,5.71,0.19
648,2024-11-20,45,5,20,5,14.15,0.07
649,2025-05-19,24,2,73,5,28.74,0.0
650,2025-06-09,13,1,42,4,5.15,0.14
651,2024-09-06,29,1,5,1,5.39,0.07
652,2025-06-26,26,5,85,1,5.06,0.12
653,2025-02-27,14,1,37,3,21.41,0.17
654,2025-01-24,31,1,61,1,10.65,0.13
655,2025-04-18,19,3,67,1,1.98,0.02
656,2025-01-02,18,5,95,3,21.5,0.19
657,2024-10-23,48,4,94,4,32.82,0.17
658,2025-03-30,46,2,100,1,5.4,0.12
659,2024-10-12,42,5,27,4,18.94,0.18
660,2024-09-05,22,4,71,1,4.6,0.1
661,2024-12-16,18,5,94,5,44.36,0.03
662,2025-02-26,13,3,79,1,1.29,0.15
663,2024-11-08,3,5,16,3,20.38,0.12
664,2025-02-05,12,3,97,5,20.8,0.18
665,2025-03-21,13,2,80,3,3.3,0.13
666,2024-11-13,10,1,83,3,7.64,0.16
667,2024-09-29,46,1,31,1,6.26,0.03
668,2025-05-03,17,2,26,5,46.64,0.02
669,2025-07-23,25,3,5,1,3.13,0.16
670,2025-04-04,50,3,8,5,32.87,0.19
671,2025-04-13,48,5,100,5,29.01,0.14
672,2025-01-07,25,4,89,2,6.97,0.16
673,2025-06-09,34,3,73,2,6.92,0.13
674,2025-07-11,42,4,44,4,24.88,0.06
675,2024-08-21,25,4,51,4,11.22,0.18
676,2024-09-02,22,4,20,1,7.63,0.18
677,2025-06-04,10,3,36,4,8.99,0.08
678,2024-09-20,33,4,12,5,23.55,0.05
679,2024-09-17,22,2,87,2,12.7,0.01
680,2025-02-24,15,4,14,5,38.55,0.12
681,2024-11-10,25,2,23,2,4.94,0.04
682,2024-12-17,17,5,15,4,43.65,0.15
683,2025-04-18,49,4,86,5,18.8,0.19
684,2025-07-22,25,3,21,2,5.36,0.1
685,2025-01-06,18,2,71,3,32.9,0.01
686,2025-06-18,35,2,55,2,18.43,0.11
687,2024-11-17,8,1,45,3,27.68,0.1
688,2025-05-08,43,3,87,3,5.8,0.04
689,2025-05-26,3,2,36,3,30.81,0.02
690,2025-02-20,32,2,57,4,58.94,0.08
691,2024-12-24,26,1,21,1,3.77,0.03
692,2024-10-21,25,5,38,3,5.53,0.19
693,2025-04-07,12,1,77,5,15.15,0.17
694,2025-05-04,17,4,40,4,30.37,0.02
695,2024-12-05,20,3,41,5,51.63,0.03
696,2025-08-07,5,1,42,3,6.26,0.06
697,2025-08-07,29,4,57,4,14.3,0.01
698,2024-09-20,46,1,72,4,21.74,0.04
699,2024-12-31,6,2,53,1,10.49,0.13
700,2024-10-03,27,2,16,3,8.27,0.08
701,2025-03-17,43,1,60,5,6.29,0.16
702,2025-05-19,35,4,8,2,17.4,0.16
703,2024-12-02,15,3,3,4,34.11,0.04
704,2025-05-27,7,1,84,4,37.64,0.14
705,2024-09-17,27,4,8,1,2.77,0.2
706,2024-08-22,34,5,82,3,8.77,0.01
707,2024-08-20,43,5,15,3,5.92,0.09
708,2025-04-16,6,4,52,4,54.58,0.04
709,2025-03-14,6,5,95,4,43.19,0.02
710,2025-05-28,34,2,45,1,1.83,0.07
711,2024-12-16,32,3,95,3,38.09,0.05
712,2025-02-24,26,4,19,5,26.27,0.06
713,2025-01-15,3,3,42,1,10.13,0.14
714,2024-10-31,29,3,39,3,10.57,0.09
715,2024-10-18,37,1,48,3,39.01,0.04
716,2025-03-29,31,2,32,4,44.99,0.02
717,2025-03-28,37,5,58,2,20.16,0.04
718,2025-06-17,20,4,13,2,19.6,0.01
719,2024-09-19,12,3,41,5,20.55,0.04
720,2025-01-08,10,3,58,1,2.5,0.02
721,2025-02-19,26,2,25,1,5.0,0.01
722,2025-03-28,6,3,53,4,59.15,0.07
723,2025-05-06,49,2,12,4,18.85,0.05
724,2025-01-25,13,5,44,4,7.04,0.12
725,2025-06-11,14,2,70,3,31.02,0.03
726,2024-12-20,22,5,69,4,29.94,0.11
727,2024-10-31,45,3,41,3,8.71,0.1
728,2025-01-15,18,4,27,1,9.86,0.09
729,2025-02-13,34,4,23,3,5.51,0.01
730,2025-06-21,35,3,14,3,20.23,0.16
731,2025-08-04,4,1,36,5,39.81,0.11
732,2025-02-16,40,5,55,4,36.42,0.08
733,2024-09-20,6,4,46,1,9.75,0.13
734,2025-07-10,45,1,95,1,2.49,0.01
735,2025-06-22,10,2,93,3,5.22,0.12
736,2025-06-11,20,2,49,5,45.28,0.05
737,2025-07-28,13,1,52,1,1.61,0.06
738,2024-12-22,26,2,79,2,7.62,0.01
739,2025-05-22,37,3,50,2,24.74,0.03
740,2024-08-16,36,3,17,1,4.18,0.13
741,2025-04-24,37,5,43,2,22.24,0.13
742,2024-10-26,44,5,90,3,29.14,0.17
743,2024-12-18,24,4,67,2,11.98,0.07
744,2024-11-03,23,2,44,5,18.8,0.01
745,2025-05-11,12,5,99,4,14.51,0.19
746,2024-08-09,16,4,73,1,12.36,0.0
747,2024-12-14,48,1,45,5,40.23,0.12
748,2025-07-02,44,1,100,5,29.85,0.08
749,2025-02-11,17,4,86,2,18.13,0.02
750,2025-07-20,41,5,21,2,17.57,0.06
751,2024-11-10,12,2,25,4,18.1,0.11
752,2025-04-29,6,4,17,4,30.78,0.12
753,2024-11-24,28,1,80,5,49.16,0.12
754,2025-06-11,18,3,17,1,6.75,0.05
755,2024-08-07,10,5,96,1,2.28,0.12
756,2025-07-24,24,2,22,1,6.62,0.12
757,2025-01-19,50,5,36,4,26.7,0.16
758,2025-01-09,19,3,50,4,11.87,0.04
759,2024-09-22,45,3,5,1,3.01,0.19
760,2024-12-26,43,5,40,1,1.89,0.13
761,2024-12-20,35,2,17,4,21.0,0.18
762,2025-07-08,45,1,28,3,5.1,0.18
763,2025-07-19,30,1,31,1,5.6,0.06
764,2025-06-14,35,2,25,3,15.02,0.1
765,2025-07-04,41,2,71,2,18.05,0.18
766,2025-07-03,44,3,23,3,23.38,0.06
767,2024-12-01,45,3,63,2,4.68,0.14
768,2024-11-12,8,4,38,5,51.8,0.18
769,2025-05-27,31,2,43,1,8.52,0.11
770,2025-01-29,7,4,83,5,38.12,0.1
771,2024-08-27,33,4,54,4,14.95,0.16
772,2024-08-29,37,5,96,5,41.71,0.19
773,2025-01-04,4,1,98,3,34.22,0.02
774,2024-10-21,6,3,1,3,24.54,0.19
775,2024-12-18,46,3,57,3,15.56,0.15
776,2025-02-01,31,1,43,5,44.54,0.04
777,2025-01-24,49,3,13,1,5.18,0.01
778,2025-03-14,2,5,43,3,27.73,0.2
779,2025-08-02,48,3,59,3,14.14,0.07
780,2025-01-20,1,4,100,2,23.63,0.17
781,2025-03-10,22,4,51,3,23.49,0.07
782,2024-08-07,28,5,85,2,16.81,0.12
783,2025-01-14,10,2,16,2,5.73,0.2
784,2024-12-13,30,4,56,1,7.89,0.1
785,2025-04-04,44,3,5,2,19.97,0.06
786,2024-11-29,4,3,38,3,33.7,0.05
787,2025-02-27,38,1,72,3,31.95,0.17
788,2024-12-08,21,5,90,2,8.52,0.1
789,2025-07-22,4,1,2,5,38.17,0.15
790,2025-07-11,41,3,94,3,31.36,0.09
791,2024-12-07,38,1,70,5,56.32,0.14
792,2024-09-24,12,3,100,5,17.16,0.17
793,2024-10-02,20,1,30,5,59.82,0.14
794,2024-08-30,17,1,8,2,17.49,0.03
795,2025-07-20,19,3,6,5,15.56,0.1
796,2024-12-22,9,3,22,1,3.63,0.09
797,2025-07-19,3,5,35,4,36.9,0.11
798,2024-12-05,33,4,83,4,15.92,0.01
799,2024-11-07,48,2,58,4,32.67,0.02
800,2025-01-25,23,3,30,3,14.03,0.2
801,2024-10-02,34,3,80,4,11.54,0.01
802,2024-11-22,13,1,72,5,8.54,0.13
803,2025-03-14,30,4,36,4,28.88,0.07
804,2025-04-30,37,5,26,3,23.91,0.13
805,2025-02-28,14,3,60,1,10.1,0.19
806,2024-12-30,50,3,60,3,33.93,0.01
807,2025-02-20,34,2,14,4,9.42,0.04
808,2024-11-02,49,3,47,2,10.06,0.02
809,2024-12-05,31,2,59,5,39.19,0.17
810,2025-01-31,30,2,80,5,25.55,0.12
811,2025-06-02,41,5,60,3,32.53,0.0
812,2024-11-25,44,2,51,1,7.84,0.06
813,2025-04-17,28,3,97,5,33.13,0.11
814,2025-07-23,16,5,30,4,36.74,0.07
815,2025-04-11,13,1,49,1,1.2,0.17
816,2025-07-17,35,1,61,3,24.22,0.08
817,2025-06-25,13,4,35,3,2.88,0.01
818,2025-05-20,13,5,11,4,7.13,0.16
819,2025-08-01,38,5,13,5,62.85,0.02
820,2024-09-23,43,1,91,3,6.49,0.2
821,2024-08-23,17,4,20,1,8.98,0.14
822,2025-06-27,16,4,85,1,8.31,0.02
823,2024-08-20,4,4,94,3,34.4,0.02
824,2025-02-16,45,3,75,5,12.87,0.06
825,2025-04-16,50,3,75,1,11.85,0.0
826,2025-01-16,50,5,100,2,16.36,0.12
827,2024-12-27,35,5,80,2,18.9,0.06
828,2024-09-01,40,1,32,2,14.0,0.03
829,2024-08-09,50,5,35,5,59.84,0.17
830,2024-11-09,25,3,36,1,2.03,0.11
831,2024-11-28,28,2,42,2,23.59,0.11
832,2025-01-30,15,1,37,2,16.62,0.14
833,2025-05-13,5,4,47,3,6.16,0.17
834,2025-04-27,47,3,23,1,8.43,0.12
835,2024-08-12,47,4,78,3,15.99,0.14
836,2025-03-08,47,5,72,4,22.18,0.16
837,2025-04-19,33,3,37,2,7.86,0.14
838,2025-02-06,32,4,73,4,34.73,0.19
839,2024-08-26,12,2,79,5,19.09,0.01
840,2024-09-05,49,2,86,3,9.61,0.08
841,2025-07-31,26,1,60,4,12.17,0.18
842,2025-04-24,36,5,32,3,15.78,0.16
843,2024-09-20,14,1,56,5,63.77,0.1
844,2024-10-15,18,2,3,2,18.4,0.19
845,2025-05-29,32,3,37,4,48.69,0.06
846,2024-09-27,8,4,93,2,16.86,0.04
847,2024-12-20,6,5,32,5,40.06,0.11
848,2024-10-22,6,1,12,3,38.29,0.11
849,2025-07-28,10,1,74,3,5.66,0.09
850,2025-05-12,38,4,30,1,12.6,0.12
851,2025-06-17,14,4,59,2,15.28,0.11
852,2025-04-15,31,4,19,3,19.63,0.13
853,2025-07-14,7,5,3,2,19.36,0.06
854,2024-08-26,31,1,82,4,47.92,0.2
855,2025-04-05,46,3,97,2,12.21,0.14
856,2024-09-30,4,5,54,1,10.6,0.02
857,2024-11-04,35,3,60,1,9.18,0.08
858,2025-06-19,23,4,50,5,19.16,0.0
859,2025-03-25,30,2,58,3,20.09,0.13
860,2025-04-29,17,2,90,1,7.1,0.15
861,2025-04-10,33,5,52,1,4.16,0.02
862,2024-09-09,39,3,90,1,4.37,0.12
863,2025-07-05,33,1,65,4,19.36,0.13
864,2024-12-15,23,3,95,2,12.55,0.1
865,2025-02-24,49,3,23,2,11.43,0.13
866,2024-10-31,16,3,36,5,44.43,0.02
867,2025-04-30,25,5,28,3,9.86,0.11
868,2025-02-22,17,4,23,2,15.44,0.09
869,2025-06-13,37,4,48,4,41.76,0.07
870,2024-09-13,50,3,91,1,11.48,0.01
871,2024-10-06,32,3,89,4,33.8,0.03
872,2025-03-18,40,4,48,3,28.17,0.19
873,2025-02-09,3,3,94,5,41.55,0.1
874,2025-05-05,5,1,50,2,3.54,0.08
875,2024-09-02,16,2,99,4,46.57,0.15
876,2025-07-29,26,5,72,4,16.15,0.1
877,2025-03-07,39,3,94,3,12.1,0.12
878,2025-01-07,47,3,54,4,35.52,0.09
879,2025-02-03,8,1,13,1,9.91,0.12
880,2025-02-20,9,5,22,4,16.94,0.01
881,2025-07-23,26,4,53,3,11.26,0.14
882,2025-02-23,4,1,98,1,10.11,0.18
883,2025-07-17,18,5,33,3,36.19,0.15
884,2024-10-08,5,3,1,2,4.94,0.17
885,2024-10-21,30,3,100,5,31.61,0.11
886,2025-04-10,46,3,83,1,5.87,0.05
887,2025-07-20,49,5,67,1,6.03,0.17
888,2024-10-30,24,3,86,5,42.95,0.2
889,2025-07-12,16,1,30,3,26.78,0.07
890,2024-12-04,45,5,16,2,4.8,0.06
891,2025-03-08,8,4,69,5,37.99,0.19
892,2025-03-19,20,5,33,1,8.01,0.04
893,2024-12-06,30,4,85,2,15.09,0.09
894,2025-01-10,17,2,79,2,16.62,0.08
895,2025-06-22,35,2,29,1,6.92,0.11
896,2024-11-30,35,1,51,1,8.93,0.05
897,2025-06-09,24,1,88,4,24.09,0.02
898,2024-11-23,4,1,45,1,11.59,0.07
899,2025-05-01,20,5,43,3,20.46,0.09
900,2025-07-11,25,1,48,1,2.8,0.09
901,2024-10-08,48,3,67,3,24.64,0.17
902,2024-12-06,17,3,20,3,20.44,0.13
903,2024-12-05,46,2,91,4,12.61,0.16
904,2024-10-01,45,5,48,4,10.15,0.07
905,2025-07-19,24,2,57,3,26.03,0.19
906,2025-01-21,44,4,8,4,40.69,0.14
907,2025-05-04,19,1,24,4,11.4,0.16
908,2024-10-02,24,1,86,4,28.29,0.09
909,2024-09-24,32,4,43,1,14.12,0.04
910,2024-09-13,37,2,22,3,37.92,0.1
911,2024-11-01,34,1,26,1,2.37,0.12
912,2024-08-27,17,3,85,5,43.1,0.17
913,2024-12-02,28,2,17,2,23.07,0.02
914,2024-09-10,22,4,26,3,13.67,0.07
915,2025-06-27,34,3,68,2,5.2,0.02
916,2024-08-09,38,4,93,2,20.43,0.17
917,2024-11-19,28,1,25,5,46.88,0.09
918,2024-10-23,46,4,2,3,9.69,0.05
919,2025-07-06,24,3,62,3,15.55,0.0
920,2024-12-22,18,3,41,1,7.96,0.01
921,2025-04-11,49,1,38,2,10.25,0.2
922,2025-03-23,32,1,55,4,40.68,0.09
923,2025-08-03,24,2,80,4,19.81,0.19
924,2025-08-07,2,1,76,2,19.67,0.09
925,2025-03-04,30,1,81,4,21.0,0.12
926,2025-06-21,15,3,65,1,8.72,0.12
927,2025-05-24,32,4,13,2,17.13,0.0
928,2024-10-26,3,2,27,4,29.02,0.19
929,2024-09-18,28,5,92,5,43.27,0.18
930,2025-03-12,4,5,43,4,36.1,0.06
931,2025-08-02,45,5,45,4,12.07,0.07
932,2025-06-13,45,4,47,1,2.49,0.0
933,2024-11-10,44,1,25,2,15.67,0.05
934,2025-06-07,27,2,37,1,3.14,0.08
935,2024-09-18,41,4,15,2,16.81,0.01
936,2025-03-10,23,5,59,4,13.9,0.06
937,2025-06-12,33,5,12,5,17.65,0.15
938,2025-02-12,11,4,75,1,13.27,0.11
939,2024-09-30,9,4,17,3,15.76,0.15
940,2024-10-18,43,4,62,4,8.93,0.11
941,2024-09-19,17,2,85,3,28.51,0.04
942,2025-04-01,8,5,71,5,39.36,0.15
943,2024-09-26,28,3,99,1,8.97,0.12
944,2025-02-19,28,2,25,4,40.56,0.18
945,2025-06-05,41,1,15,3,20.64,0.19
946,2025-07-05,17,3,74,2,16.54,0.07
947,2024-09-27,27,2,78,5,13.55,0.08
948,2025-07-01,46,3,38,1,5.54,0.11
949,2024-12-08,3,1,72,1,11.85,0.16
950,2024-09-25,45,4,73,4,12.33,0.1
951,2025-05-31,19,5,64,1,2.14,0.1
952,2024-08-24,41,5,33,3,23.9,0.05
953,2024-09-17,10,3,79,4,7.24,0.09
954,2024-12-05,4,3,31,1,7.87,0.08
955,2025-02-01,3,1,25,4,40.4,0.09
956,2025-04-30,15,5,35,1,8.09,0.04
957,2025-05-03,35,4,32,4,23.08,0.18
958,2025-04-18,14,1,99,1,8.41,0.04
959,2024-09-08,26,4,35,3,16.05,0.08
960,2024-12-22,39,3,52,3,12.25,0.09
961,2025-03-27,9,1,14,4,21.65,0.13
962,2025-03-08,29,5,50,2,10.39,0.12
963,2024-09-27,3,1,63,4,42.51,0.04
964,2025-02-07,22,2,92,4,19.81,0.05
965,2024-12-10,13,1,69,2,3.02,0.05
966,2025-06-23,49,1,20,1,3.29,0.18
967,2025-07-07,19,4,46,4,12.33,0.16
968,2025-03-13,23,2,51,2,8.42,0.13
969,2024-12-16,40,5,46,4,21.12,0.1
970,2025-03-11,40,3,69,3,20.77,0.14
971,2025-04-05,27,5,21,4,10.6,0.15
972,2024-11-22,19,2,48,1,2.72,0.05
973,2025-07-19,16,5,17,5,39.86,0.08
974,2025-05-09,28,1,69,4,32.7,0.04
975,2025-08-05,43,1,39,4,5.66,0.19
976,2025-05-29,50,1,83,1,7.06,0.01
977,2025-07-20,41,1,88,1,7.12,0.12
978,2025-03-07,16,3,81,1,14.62,0.13
979,2025-06-05,28,2,83,2,13.82,0.06
980,2025-05-14,1,1,89,5,65.18,0.15
981,2024-08-22,42,2,27,1,7.62,0.11
982,2025-01-10,31,4,63,2,13.15,0.05
983,2025-03-16,24,1,18,2,10.77,0.01
984,2024-11-12,15,3,7,5,36.51,0.15
985,2024-12-11,42,4,91,1,6.03,0.01
986,2025-03-18,17,1,56,1,9.71,0.09
987,2024-11-28,13,1,24,4,6.85,0.15
988,2024-10-22,44,2,47,4,24.45,0.02
989,2025-06-01,44,5,93,4,25.39,0.16
990,2025-01-05,14,4,70,1,12.32,0.02
991,2024-11-20,14,3,45,4,51.74,0.19
992,2024-10-11,50,3,59,5,57.49,0.1
993,2024-11-30,40,5,91,4,19.6,0.07
994,2025-01-06,21,4,57,3,13.06,0.06
995,2025-06-27,46,3,90,4,20.83,0.06
996,2025-02-27,24,5,60,4,35.12,0.13
997,2024-12-31,2,5,32,1,9.23,0.05
998,2024-10-18,40,3,13,3,16.09,0.04
999,2025-01-10,14,4,25,1,7.22,0.2
1000,2025-02-20,46,1,78,2,10.02,0.12
